{"cameraMode":{"drawMode":0,"name":"Shaded","section":"Shading Mode"},"sceneLighting":false,"audioPlay":false,"sceneViewState":{"showFog":true,"showMaterialUpdate":false,"showSkybox":true,"showFlares":true,"showImageEffects":true,"showParticleSystems":true},"in2DMode":false,"pivot":{"x":37.90999984741211,"y":2.2300000190734865,"z":-49.900001525878909},"rotation":{"x":0.3256669044494629,"y":-0.24834616482257844,"z":0.08908005058765412,"w":0.9079267382621765},"size":2.020829677581787,"orthographic":false}