{"cameraMode":{"drawMode":0,"name":"Shaded","section":"Shading Mode"},"sceneLighting":false,"audioPlay":false,"sceneViewState":{"showFog":true,"showMaterialUpdate":true,"showSkybox":true,"showFlares":true,"showImageEffects":true,"showParticleSystems":true},"in2DMode":false,"pivot":{"x":28.320697784423829,"y":0.5866479277610779,"z":-39.7081413269043},"rotation":{"x":0.21771393716335298,"y":0.6526796221733093,"z":-0.20404498279094697,"w":0.696402907371521},"size":2.0408434867858888,"orthographic":false}