{"cameraMode":{"drawMode":0,"name":"Shaded","section":"Shading Mode"},"sceneLighting":false,"audioPlay":false,"sceneViewState":{"showFog":true,"showMaterialUpdate":false,"showSkybox":true,"showFlares":true,"showImageEffects":true,"showParticleSystems":true},"in2DMode":false,"pivot":{"x":-491.30548095703127,"y":10.77882194519043,"z":-58.762855529785159},"rotation":{"x":0.5363866090774536,"y":0.18748556077480317,"z":-0.12361267954111099,"w":0.8135470151901245},"size":1829.6024169921875,"orthographic":false}