{"cameraMode":{"drawMode":0,"name":"Shaded","section":"Shading Mode"},"sceneLighting":false,"audioPlay":false,"sceneViewState":{"showFog":true,"showMaterialUpdate":false,"showSkybox":true,"showFlares":true,"showImageEffects":true,"showParticleSystems":true},"in2DMode":false,"pivot":{"x":38.459999084472659,"y":2.4100000858306886,"z":-64.87999725341797},"rotation":{"x":0.3256669044494629,"y":-0.24834616482257844,"z":0.08908005058765412,"w":0.9079267382621765},"size":4.041658401489258,"orthographic":false}