{"cameraMode":{"drawMode":0,"name":"Shaded","section":"Shading Mode"},"sceneLighting":false,"audioPlay":false,"sceneViewState":{"showFog":true,"showMaterialUpdate":true,"showSkybox":true,"showFlares":true,"showImageEffects":true,"showParticleSystems":true},"in2DMode":false,"pivot":{"x":-2.7684130668640138,"y":1.4176907539367676,"z":5.66433048248291},"rotation":{"x":0.04494476318359375,"y":-0.25487151741981509,"z":0.011860073544085026,"w":0.9658570885658264},"size":20.17745018005371,"orthographic":false}