{"cameraMode":{"drawMode":0,"name":"Shaded","section":"Shading Mode"},"sceneLighting":false,"audioPlay":false,"sceneViewState":{"showFog":true,"showMaterialUpdate":true,"showSkybox":true,"showFlares":true,"showImageEffects":true,"showParticleSystems":true},"in2DMode":false,"pivot":{"x":446.2795104980469,"y":248.90113830566407,"z":62.45977783203125},"rotation":{"x":0.10926661640405655,"y":-0.016400476917624475,"z":0.0018030052306130529,"w":0.9938765168190002},"size":761.4528198242188,"orthographic":false}