{"cameraMode":{"drawMode":0,"name":"Shaded","section":"Shading Mode"},"sceneLighting":true,"audioPlay":false,"sceneViewState":{"showFog":true,"showMaterialUpdate":false,"showSkybox":true,"showFlares":true,"showImageEffects":true,"showParticleSystems":true},"in2DMode":false,"pivot":{"x":46.43000030517578,"y":3.359999656677246,"z":-55.06999969482422},"rotation":{"x":0.3077588975429535,"y":-0.018552040681242944,"z":0.006002054084092379,"w":0.9512651562690735},"size":40.010372161865237,"orthographic":false}