{"cameraMode":{"drawMode":0,"name":"Shaded","section":"Shading Mode"},"sceneLighting":false,"audioPlay":false,"sceneViewState":{"showFog":true,"showMaterialUpdate":false,"showSkybox":true,"showFlares":true,"showImageEffects":true,"showParticleSystems":true},"in2DMode":false,"pivot":{"x":-0.509039580821991,"y":0.5632893443107605,"z":0.000183887779712677},"rotation":{"x":0.004849657882004976,"y":-0.994586706161499,"z":0.08825142681598664,"w":0.05465593561530113},"size":0.6055000424385071,"orthographic":false}