{"cameraMode":{"drawMode":0,"name":"Shaded","section":"Shading Mode"},"sceneLighting":false,"audioPlay":false,"sceneViewState":{"showFog":true,"showMaterialUpdate":false,"showSkybox":true,"showFlares":true,"showImageEffects":true,"showParticleSystems":true},"in2DMode":false,"pivot":{"x":-433.2564697265625,"y":1.5830574035644532,"z":3.5577163696289064},"rotation":{"x":0.3876073360443115,"y":-0.09926038235425949,"z":0.0420251227915287,"w":0.9155007004737854},"size":1459.5479736328125,"orthographic":false}