{"cameraMode":{"drawMode":0,"name":"Shaded","section":"Shading Mode"},"sceneLighting":false,"audioPlay":false,"sceneViewState":{"showFog":true,"showMaterialUpdate":false,"showSkybox":true,"showFlares":true,"showImageEffects":true,"showParticleSystems":true},"in2DMode":false,"pivot":{"x":40.77055358886719,"y":1.1196290254592896,"z":-50.099998474121097},"rotation":{"x":0.3062181770801544,"y":0.1603424996137619,"z":-0.05240681394934654,"w":0.9368965029716492},"size":8.451773643493653,"orthographic":false}