{"cameraMode":{"drawMode":0,"name":"Shaded","section":"Shading Mode"},"sceneLighting":false,"audioPlay":false,"sceneViewState":{"showFog":true,"showMaterialUpdate":false,"showSkybox":true,"showFlares":true,"showImageEffects":true,"showParticleSystems":true},"in2DMode":false,"pivot":{"x":57.194969177246097,"y":1.4073333740234376,"z":-39.22127151489258},"rotation":{"x":0.5222893953323364,"y":-0.02940806746482849,"z":0.018026113510131837,"w":0.8520705699920654},"size":12.736522674560547,"orthographic":false}